Customer_ID,Customer_Name,Phone,Age,Occupation,Gender,House_No,Moo,Subdistrict,District,Province,Postal_Code,Marital_Status,Beneficiary_Name,Beneficiary_Relationship,Annual_Income
C001,ปวีณา คงดี,0873032168,26,เกษตรกร,หญิง,133/38,4,สำราญ,เมืองขอนแก่น,ขอนแก่น,40000,โสด,ธีรภัทร์ ทองคำ,บิดา,354000
C002,ปวีณา แสงทอง,0848156993,41,ตำรวจ,ชาย,210/5,13,กุดเค้า,มัญจาคีรี,ขอนแก่น,40160,สมรส,นภัสสร บุญมี,บุตร,377000
C003,ณัฐวุฒิ ทองคำ,0823976520,61,คนขับรถ,หญิง,266/99,2,บ้านเป็ด,เมืองขอนแก่น,ขอนแก่น,40000,หย่าร้าง,สุภาวดี คงมั่น,พี่น้อง,185000
C004,ณิชาภัทร ทองคำ,0893897189,64,วิศวกร,หญิง,4/69,1,กุดเค้า,มัญจาคีรี,ขอนแก่น,40160,หย่าร้าง,รัตนาภรณ์ อินทร์ดี,พี่น้อง,405000
C005,วรพล บุญช่วย,0829228807,32,แพทย์,ชาย,122/31,11,ศิลา,เมืองขอนแก่น,ขอนแก่น,40000,หม้าย,ชยพล วงศ์ดี,มารดา,1027000
C006,วรพล ศรีสุข,0824194286,21,เกษตรกร,หญิง,49/24,4,เมืองพล,พล,ขอนแก่น,40120,โสด,วรัญญา สายทอง,สามี,302000
C007,สมหญิง สายทอง,0866562238,64,โปรแกรมเมอร์,หญิง,69/14,10,ในเมือง,เมืองขอนแก่น,ขอนแก่น,40000,หม้าย,พัชราภา ศรีสุข,บุตร,1079000
C008,สุภาวดี ใจดี,0826213454,23,ตำรวจ,หญิง,167/76,4,น้ำพอง,น้ำพอง,ขอนแก่น,40140,โสด,อนันต์ สุขสวัสดิ์,ภรรยา,261000
C009,ชยพล พรหมดี,0891875151,36,ช่างก่อสร้าง,หญิง,110/18,12,เมืองพล,พล,ขอนแก่น,40120,สมรส,วรัญญา วัฒนชัย,มารดา,595000
C010,สุภาวดี อินทร์ทอง,0882583753,63,ครู,ชาย,178/54,2,ศิลา,เมืองขอนแก่น,ขอนแก่น,40000,สมรส,รัตนาภรณ์ แก้วมณี,ภรรยา,286000
C011,สุภาวดี ศรีทอง,0857714351,22,ตำรวจ,ชาย,29/89,7,กุดเค้า,มัญจาคีรี,ขอนแก่น,40160,สมรส,สมชาย ศรีทอง,สามี,480000
C012,สมชาย บุญมี,0858835702,52,นักบัญชี,ชาย,138/89,10,บ้านเป็ด,เมืองขอนแก่น,ขอนแก่น,40000,หย่าร้าง,ศุภชัย สุขสวัสดิ์,บุตร,464000
C013,กิตติพงษ์ แก้วมณี,0848748492,39,พยาบาล,หญิง,145/66,8,เมืองพล,พล,ขอนแก่น,40120,หม้าย,รัตนาภรณ์ สุวรรณ,ภรรยา,257000
C014,รัตนาภรณ์ แก้วใส,0883617418,44,คนขับรถ,หญิง,37/16,13,บ้านเป็ด,เมืองขอนแก่น,ขอนแก่น,40000,หย่าร้าง,เอกภพ ศรีสุข,พี่น้อง,278000
C015,นภัสสร พรหมดี,0832049731,51,ครู,ชาย,231/98,11,กุดเค้า,มัญจาคีรี,ขอนแก่น,40160,สมรส,ณิชาภัทร สายทอง,สามี,403000
C016,ณิชาภัทร บุญช่วย,0847763242,56,เกษตรกร,ชาย,219/68,11,ในเมือง,เมืองขอนแก่น,ขอนแก่น,40000,หย่าร้าง,ณิชาภัทร คงมั่น,พี่น้อง,256000
C017,พิมพ์ชนก คงดี,0865644364,56,แพทย์,ชาย,216/19,6,กุดเค้า,มัญจาคีรี,ขอนแก่น,40160,โสด,ภูมิพัฒน์ ทองคำ,บุตร,1059000
C018,ชยพล เจริญสุข,0817732757,27,นักบัญชี,ชาย,82/25,8,ศิลา,เมืองขอนแก่น,ขอนแก่น,40000,สมรส,อรปรียา คงดี,สามี,519000
C019,พัชราภา เจริญสุข,0817103480,52,ครู,หญิง,144/43,10,เมืองเก่า,เมืองขอนแก่น,ขอนแก่น,40000,หม้าย,ณิชาภัทร ใจดี,ภรรยา,337000
C020,วรพล ทองดี,0825140835,21,เกษตรกร,หญิง,265/64,11,บ้านไผ่,บ้านไผ่,ขอนแก่น,40110,โสด,ณิชาภัทร สุวรรณ,ภรรยา,131000
C021,วรพล แก้วมณี,0812554295,53,นักบัญชี,ชาย,170/98,1,สำราญ,เมืองขอนแก่น,ขอนแก่น,40000,สมรส,ศิริพร พรหมดี,บุตร,491000
C022,สมหญิง สุขสวัสดิ์,0878680640,22,นักบัญชี,หญิง,168/73,1,เมืองเก่า,เมืองขอนแก่น,ขอนแก่น,40000,สมรส,สุภาวดี พรหมดี,พี่น้อง,392000
C023,กิตติพงษ์ แก้วมณี,0879277983,52,นักบัญชี,หญิง,265/58,10,บ้านเป็ด,เมืองขอนแก่น,ขอนแก่น,40000,โสด,ปวีณา แก้วมณี,บิดา,463000
C024,มณีรัตน์ อินทร์ทอง,0863482071,34,วิศวกร,ชาย,66/57,6,บ้านเป็ด,เมืองขอนแก่น,ขอนแก่น,40000,สมรส,สมชาย สุขสวัสดิ์,บิดา,700000
C025,พัชราภา เจริญสุข,0845075326,51,โปรแกรมเมอร์,ชาย,35/57,13,เมืองพล,พล,ขอนแก่น,40120,หม้าย,อรทัย สุขสวัสดิ์,บิดา,414000
C026,ธนกร รุ่งเรือง,0842482533,30,ช่างก่อสร้าง,ชาย,103/59,10,กุดเค้า,มัญจาคีรี,ขอนแก่น,40160,โสด,ภัทรพล สุขสวัสดิ์,สามี,342000
C027,อรทัย พรหมดี,0886109078,20,ช่างก่อสร้าง,หญิง,276/67,11,เมืองพล,พล,ขอนแก่น,40120,โสด,อรปรียา ทองคำ,บิดา,209000
C028,นภัสสร สุขสวัสดิ์,0898162536,51,พยาบาล,ชาย,272/17,9,ชุมแพ,ชุมแพ,ขอนแก่น,40130,หย่าร้าง,สมชาย แก้วมณี,บุตร,576000
C029,สมหญิง ทองคำ,0899434337,37,เกษตรกร,หญิง,24/96,13,สำราญ,เมืองขอนแก่น,ขอนแก่น,40000,หย่าร้าง,ธนภัทร แสงทอง,บิดา,226000
C030,ณิชาภัทร ศรีทอง,0885437345,20,แพทย์,ชาย,289/52,13,บ้านไผ่,บ้านไผ่,ขอนแก่น,40110,โสด,เอกภพ คงดี,บุตร,651000
C031,พิมพ์ชนก คงมั่น,0867781037,55,วิศวกร,หญิง,234/63,8,น้ำพอง,น้ำพอง,ขอนแก่น,40140,หย่าร้าง,อนันต์ คงมั่น,ภรรยา,302000
C032,ณิชาภัทร อินทร์ทอง,0829840023,59,วิศวกร,หญิง,37/50,6,บ้านไผ่,บ้านไผ่,ขอนแก่น,40110,โสด,รัตนาภรณ์ แก้วมณี,บิดา,333000
C033,พิมพ์ชนก สุขสวัสดิ์,0829774308,65,วิศวกร,ชาย,100/96,2,ชุมแพ,ชุมแพ,ขอนแก่น,40130,หย่าร้าง,มณีรัตน์ สายทอง,บุตร,633000
C034,ธีรภัทร์ แสงทอง,0847361522,51,คนขับรถ,หญิง,122/22,6,ศิลา,เมืองขอนแก่น,ขอนแก่น,40000,สมรส,วรพล แสงทอง,มารดา,276000
C035,วรพล รุ่งเรือง,0823018200,26,พยาบาล,ชาย,78/48,11,กุดเค้า,มัญจาคีรี,ขอนแก่น,40160,โสด,พัชราภา บุญช่วย,บุตร,542000
C036,ชลธิชา แก้วใส,0882954722,45,โปรแกรมเมอร์,ชาย,162/81,12,ในเมือง,เมืองขอนแก่น,ขอนแก่น,40000,หม้าย,ปวีณา วัฒนชัย,สามี,341000
C037,รัตนาภรณ์ อินทร์ดี,0868129175,39,วิศวกร,ชาย,241/94,14,ศิลา,เมืองขอนแก่น,ขอนแก่น,40000,หม้าย,ชยพล สุวรรณ,พี่น้อง,314000
C038,ชลธิชา รุ่งเรือง,0893086500,51,พนักงานขาย,หญิง,255/64,3,กุดเค้า,มัญจาคีรี,ขอนแก่น,40160,โสด,ศุภชัย แก้วใส,ภรรยา,586000
C039,อนันต์ เจริญสุข,0841108889,22,แพทย์,หญิง,280/24,1,ศิลา,เมืองขอนแก่น,ขอนแก่น,40000,โสด,ชยพล มีสุข,บุตร,1625000
C040,พิมพ์ชนก รุ่งเรือง,0888421009,51,พยาบาล,หญิง,226/17,9,ชุมแพ,ชุมแพ,ขอนแก่น,40130,สมรส,อรทัย แก้วมณี,ภรรยา,594000
C041,ศุภชัย ศรีสุข,0864022320,28,ครู,หญิง,182/82,5,ชุมแพ,ชุมแพ,ขอนแก่น,40130,หย่าร้าง,ศุภชัย วงศ์ดี,มารดา,435000
C042,ธนภัทร บุญมี,0854096715,65,พนักงานขาย,หญิง,2/35,6,เมืองเก่า,เมืองขอนแก่น,ขอนแก่น,40000,หย่าร้าง,ธีรภัทร์ แสงทอง,พี่น้อง,248000
C043,กัญญารัตน์ ใจดี,0823900686,40,ตำรวจ,ชาย,129/2,8,กุดเค้า,มัญจาคีรี,ขอนแก่น,40160,หม้าย,ภัทรพล พรหมดี,สามี,492000
C044,ศิริพร แก้วใส,0836064443,65,คนขับรถ,หญิง,7/47,1,ในเมือง,เมืองขอนแก่น,ขอนแก่น,40000,สมรส,กิตติพงษ์ วงศ์ดี,สามี,268000
C045,อนันต์ คงดี,0829933397,65,พนักงานขาย,ชาย,217/43,3,น้ำพอง,น้ำพอง,ขอนแก่น,40140,หม้าย,พิมพ์ชนก แก้วใส,สามี,473000
C046,ธนกร แก้วใส,0842544913,43,ช่างก่อสร้าง,ชาย,91/60,15,กุดเค้า,มัญจาคีรี,ขอนแก่น,40160,หย่าร้าง,มณีรัตน์ วัฒนชัย,สามี,456000
C047,รัตนาภรณ์ สุขสวัสดิ์,0873913913,39,วิศวกร,ชาย,280/45,7,กุดเค้า,มัญจาคีรี,ขอนแก่น,40160,หม้าย,ธนกร พรหมดี,มารดา,678000
C048,เอกภพ อินทร์ดี,0883476149,29,วิศวกร,หญิง,109/31,6,ศิลา,เมืองขอนแก่น,ขอนแก่น,40000,โสด,พัชราภา บุญช่วย,บุตร,347000
C049,กัญญารัตน์ พรหมดี,0884412060,29,แพทย์,ชาย,268/94,8,เมืองพล,พล,ขอนแก่น,40120,โสด,อรทัย วงศ์ดี,ภรรยา,1420000
C050,กัญญารัตน์ ทองดี,0857499628,61,คนขับรถ,หญิง,79/38,12,เมืองพล,พล,ขอนแก่น,40120,หย่าร้าง,พัชราภา รุ่งเรือง,ภรรยา,381000
C051,กัญญารัตน์ บุญมี,0893693621,20,เกษตรกร,ชาย,56/62,11,ศิลา,เมืองขอนแก่น,ขอนแก่น,40000,โสด,เอกภพ ทองคำ,พี่น้อง,331000
C052,อรปรียา บุญมี,0878802424,43,ตำรวจ,ชาย,31/36,12,เมืองพล,พล,ขอนแก่น,40120,หย่าร้าง,มณีรัตน์ ใจดี,สามี,359000
C053,ชยพล ศรีทอง,0855825897,47,เกษตรกร,ชาย,99/35,14,ชุมแพ,ชุมแพ,ขอนแก่น,40130,สมรส,พิมพ์ชนก สุวรรณ,ภรรยา,487000
C054,พัชราภา อินทร์ดี,0822748656,33,พนักงานบริษัท,หญิง,195/14,4,บ้านไผ่,บ้านไผ่,ขอนแก่น,40110,สมรส,ภัทรพล บุญมี,บิดา,575000
C055,กัญญารัตน์ พงษ์ดี,0892463146,54,ช่างก่อสร้าง,หญิง,126/14,1,บ้านไผ่,บ้านไผ่,ขอนแก่น,40110,หม้าย,รัตนาภรณ์ แก้วมณี,บิดา,472000
C056,ณัฐวุฒิ เจริญสุข,0866614366,64,พนักงานบริษัท,หญิง,165/58,11,เมืองเก่า,เมืองขอนแก่น,ขอนแก่น,40000,โสด,ธีรภัทร์ วงศ์ดี,บิดา,482000
C057,ภูมิพัฒน์ สายทอง,0864737463,65,แพทย์,หญิง,282/34,15,บ้านไผ่,บ้านไผ่,ขอนแก่น,40110,หม้าย,เอกภพ บุญช่วย,บุตร,829000
C058,ภูมิพัฒน์ สุวรรณ,0859038082,23,วิศวกร,ชาย,260/24,1,เมืองเก่า,เมืองขอนแก่น,ขอนแก่น,40000,สมรส,สมหญิง ศรีสุข,บิดา,311000
C059,พิมพ์ชนก วัฒนชัย,0826886385,28,โปรแกรมเมอร์,ชาย,252/28,7,บ้านไผ่,บ้านไผ่,ขอนแก่น,40110,หย่าร้าง,ศิริพร พรหมดี,บิดา,349000
C060,สุภาวดี มีสุข,0892703987,48,ช่างก่อสร้าง,ชาย,261/5,3,เมืองพล,พล,ขอนแก่น,40120,สมรส,พัชราภา รุ่งเรือง,สามี,300000
C061,ธีรภัทร์ บุญช่วย,0847708409,33,พนักงานขาย,หญิง,45/53,4,ชุมแพ,ชุมแพ,ขอนแก่น,40130,สมรส,อนันต์ ทองดี,สามี,578000
C062,วรัญญา อินทร์ทอง,0863981111,20,พยาบาล,ชาย,233/23,13,ในเมือง,เมืองขอนแก่น,ขอนแก่น,40000,โสด,อรทัย แสงทอง,บุตร,257000
C063,รัตนาภรณ์ สุขสวัสดิ์,0819061964,55,ตำรวจ,หญิง,207/44,12,บ้านไผ่,บ้านไผ่,ขอนแก่น,40110,สมรส,ธนกร สายทอง,บุตร,332000
C064,ณัฐวุฒิ แก้วใส,0848833364,59,ตำรวจ,หญิง,135/83,7,บ้านไผ่,บ้านไผ่,ขอนแก่น,40110,หย่าร้าง,พัชราภา วัฒนชัย,พี่น้อง,374000
C065,ศุภชัย พงษ์ดี,0874713002,51,โปรแกรมเมอร์,หญิง,259/19,3,ชุมแพ,ชุมแพ,ขอนแก่น,40130,หม้าย,เอกภพ รุ่งเรือง,บุตร,846000
C066,พัชราภา พงษ์ดี,0851741338,28,แพทย์,ชาย,9/34,3,ชุมแพ,ชุมแพ,ขอนแก่น,40130,หย่าร้าง,กัญญารัตน์ วงศ์ดี,บิดา,930000
C067,กิตติพงษ์ คงดี,0897201057,36,คนขับรถ,หญิง,14/20,11,สำราญ,เมืองขอนแก่น,ขอนแก่น,40000,หย่าร้าง,สมหญิง สุวรรณ,บุตร,183000
C068,นภัสสร แสงทอง,0812018746,50,พยาบาล,ชาย,98/2,11,น้ำพอง,น้ำพอง,ขอนแก่น,40140,สมรส,ณัฐวุฒิ สายทอง,บิดา,443000
C069,พัชราภา สุวรรณ,0888561515,35,พนักงานขาย,ชาย,114/80,5,กุดเค้า,มัญจาคีรี,ขอนแก่น,40160,หม้าย,อนันต์ สุขสวัสดิ์,ภรรยา,231000
C070,ภัทรพล ใจดี,0846135922,60,เกษตรกร,หญิง,77/51,5,สำราญ,เมืองขอนแก่น,ขอนแก่น,40000,โสด,ธนกร พรหมดี,มารดา,334000
C071,ภัทรพล มีสุข,0847492117,21,เกษตรกร,ชาย,257/80,14,ในเมือง,เมืองขอนแก่น,ขอนแก่น,40000,สมรส,สมหญิง คงดี,บุตร,121000
C072,สมชาย ศรีสุข,0844628049,62,พนักงานขาย,ชาย,101/70,2,ชุมแพ,ชุมแพ,ขอนแก่น,40130,หย่าร้าง,ธีรภัทร์ แก้วมณี,มารดา,385000
C073,ภัทรพล วงศ์ดี,0884458998,57,แพทย์,ชาย,285/82,14,น้ำพอง,น้ำพอง,ขอนแก่น,40140,โสด,อรทัย รุ่งเรือง,พี่น้อง,1661000
C074,ภูมิพัฒน์ คงมั่น,0861934835,52,ช่างก่อสร้าง,หญิง,136/22,12,กุดเค้า,มัญจาคีรี,ขอนแก่น,40160,หย่าร้าง,สมหญิง มีสุข,พี่น้อง,293000
C075,พัชราภา ใจดี,0832729463,27,วิศวกร,หญิง,140/52,10,ชุมแพ,ชุมแพ,ขอนแก่น,40130,หย่าร้าง,อรปรียา เจริญสุข,บุตร,774000
C076,ธนกร อินทร์ดี,0823940980,33,วิศวกร,ชาย,69/95,14,เมืองเก่า,เมืองขอนแก่น,ขอนแก่น,40000,หม้าย,มณีรัตน์ อินทร์ทอง,บุตร,461000
C077,ศิริพร รุ่งเรือง,0827804355,43,พยาบาล,ชาย,16/7,7,กุดเค้า,มัญจาคีรี,ขอนแก่น,40160,หม้าย,ณิชาภัทร ศรีทอง,สามี,578000
C078,ชยพล มีสุข,0863838647,56,ตำรวจ,ชาย,41/2,8,ชุมแพ,ชุมแพ,ขอนแก่น,40130,หม้าย,ธนภัทร อินทร์ทอง,สามี,436000
C079,ภูมิพัฒน์ บุญช่วย,0853178132,49,วิศวกร,ชาย,3/86,7,ชุมแพ,ชุมแพ,ขอนแก่น,40130,โสด,อรทัย แก้วใส,สามี,451000
C080,อรทัย แก้วใส,0882994187,22,พนักงานขาย,หญิง,19/27,5,น้ำพอง,น้ำพอง,ขอนแก่น,40140,โสด,ณิชาภัทร บุญช่วย,บุตร,280000
C081,ศิริพร แก้วใส,0874095769,26,ตำรวจ,หญิง,59/16,9,เมืองพล,พล,ขอนแก่น,40120,โสด,ชลธิชา คงมั่น,บุตร,583000
C082,ภูมิพัฒน์ คงดี,0841003528,42,ช่างก่อสร้าง,หญิง,116/73,12,ชุมแพ,ชุมแพ,ขอนแก่น,40130,หย่าร้าง,มณีรัตน์ ศรีทอง,มารดา,250000
C083,มณีรัตน์ วัฒนชัย,0831497510,27,โปรแกรมเมอร์,ชาย,195/31,12,น้ำพอง,น้ำพอง,ขอนแก่น,40140,โสด,ภูมิพัฒน์ พรหมดี,มารดา,720000
C084,สุภาวดี ศรีทอง,0881762110,23,พนักงานบริษัท,ชาย,105/4,9,เมืองพล,พล,ขอนแก่น,40120,โสด,พิมพ์ชนก วัฒนชัย,สามี,459000
C085,อรปรียา เจริญสุข,0839254606,23,นักบัญชี,ชาย,244/64,12,เมืองเก่า,เมืองขอนแก่น,ขอนแก่น,40000,สมรส,ธีรภัทร์ ศรีสุข,บุตร,563000
C086,ชยพล ศรีทอง,0854064342,37,เกษตรกร,ชาย,295/69,13,ศิลา,เมืองขอนแก่น,ขอนแก่น,40000,หย่าร้าง,ปวีณา ใจดี,มารดา,271000
C087,อรปรียา พงษ์ดี,0815191611,27,พนักงานบริษัท,ชาย,113/6,3,กุดเค้า,มัญจาคีรี,ขอนแก่น,40160,หม้าย,วรพล รุ่งเรือง,บิดา,486000
C088,รัตนาภรณ์ ใจดี,0832345192,56,ตำรวจ,ชาย,82/41,13,บ้านไผ่,บ้านไผ่,ขอนแก่น,40110,หย่าร้าง,ศุภชัย พรหมดี,ภรรยา,581000
C089,วรัญญา สุวรรณ,0821170201,52,พนักงานขาย,ชาย,199/37,15,ศิลา,เมืองขอนแก่น,ขอนแก่น,40000,หม้าย,ณัฐวุฒิ แก้วใส,บิดา,262000
C090,ณัฐวุฒิ อินทร์ดี,0869332853,58,นักบัญชี,หญิง,129/8,7,เมืองเก่า,เมืองขอนแก่น,ขอนแก่น,40000,สมรส,สมชาย บุญมี,พี่น้อง,565000
C091,อรทัย คงมั่น,0887479739,49,เกษตรกร,หญิง,218/21,10,ศิลา,เมืองขอนแก่น,ขอนแก่น,40000,หม้าย,ธนภัทร ทองดี,สามี,406000
C092,เอกภพ รุ่งเรือง,0816048785,53,วิศวกร,หญิง,240/97,2,เมืองพล,พล,ขอนแก่น,40120,สมรส,ชยพล สุวรรณ,พี่น้อง,676000
C093,ศุภชัย รุ่งเรือง,0824309659,56,คนขับรถ,ชาย,207/60,6,ศิลา,เมืองขอนแก่น,ขอนแก่น,40000,สมรส,อรทัย สายทอง,ภรรยา,304000
C094,อนันต์ คงมั่น,0817868004,55,เกษตรกร,หญิง,235/7,2,ชุมแพ,ชุมแพ,ขอนแก่น,40130,หม้าย,พิมพ์ชนก ศรีสุข,พี่น้อง,457000
C095,กิตติพงษ์ บุญมี,0843987096,20,แพทย์,ชาย,89/14,8,น้ำพอง,น้ำพอง,ขอนแก่น,40140,สมรส,ธนภัทร อินทร์ทอง,สามี,820000
C096,อนันต์ แก้วใส,0822774756,51,พนักงานบริษัท,ชาย,204/93,11,กุดเค้า,มัญจาคีรี,ขอนแก่น,40160,โสด,อรทัย สุวรรณ,พี่น้อง,198000
C097,มณีรัตน์ พงษ์ดี,0859475061,41,แพทย์,ชาย,297/3,8,กุดเค้า,มัญจาคีรี,ขอนแก่น,40160,สมรส,พัชราภา แสงทอง,บิดา,1729000
C098,ศุภชัย สุวรรณ,0869226311,60,โปรแกรมเมอร์,หญิง,69/14,12,สำราญ,เมืองขอนแก่น,ขอนแก่น,40000,โสด,ปวีณา คงดี,ภรรยา,733000
C099,ศุภชัย แก้วมณี,0827892168,65,ตำรวจ,หญิง,213/70,7,สำราญ,เมืองขอนแก่น,ขอนแก่น,40000,หย่าร้าง,กัญญารัตน์ ศรีสุข,ภรรยา,505000
C100,อนันต์ ใจดี,0831348645,60,พนักงานบริษัท,ชาย,65/15,15,ชุมแพ,ชุมแพ,ขอนแก่น,40130,สมรส,ภัทรพล ใจดี,มารดา,546000
C101,อรปรียา แก้วมณี,0877245506,36,คนขับรถ,หญิง,208/84,4,เมืองเก่า,เมืองขอนแก่น,ขอนแก่น,40000,หย่าร้าง,ชลธิชา ใจดี,สามี,356000
C102,ศุภชัย สุวรรณ,0862665395,23,วิศวกร,หญิง,13/66,9,ชุมแพ,ชุมแพ,ขอนแก่น,40130,สมรส,ปวีณา สุขสวัสดิ์,บุตร,387000
C103,ณัฐวุฒิ อินทร์ดี,0878680322,52,คนขับรถ,ชาย,209/63,3,บ้านเป็ด,เมืองขอนแก่น,ขอนแก่น,40000,โสด,รัตนาภรณ์ พรหมดี,บุตร,406000
C104,อนันต์ คงดี,0841021399,61,ช่างก่อสร้าง,หญิง,296/99,1,สำราญ,เมืองขอนแก่น,ขอนแก่น,40000,สมรส,ภัทรพล บุญช่วย,มารดา,244000
C105,ธนภัทร แก้วใส,0847170966,45,ตำรวจ,ชาย,183/80,8,เมืองเก่า,เมืองขอนแก่น,ขอนแก่น,40000,หย่าร้าง,พิมพ์ชนก ทองดี,บุตร,447000
C106,ธนภัทร พงษ์ดี,0844576947,45,พนักงานบริษัท,หญิง,271/44,2,ศิลา,เมืองขอนแก่น,ขอนแก่น,40000,โสด,กิตติพงษ์ ศรีทอง,บุตร,302000
C107,ณัฐวุฒิ อินทร์ดี,0827297250,35,ตำรวจ,ชาย,35/84,12,น้ำพอง,น้ำพอง,ขอนแก่น,40140,หม้าย,อนันต์ พรหมดี,ภรรยา,276000
C108,พัชราภา วัฒนชัย,0814446072,28,ตำรวจ,ชาย,28/43,9,ในเมือง,เมืองขอนแก่น,ขอนแก่น,40000,โสด,ธีรภัทร์ คงมั่น,มารดา,355000
C109,สมชาย สุขสวัสดิ์,0835237982,27,พนักงานขาย,ชาย,62/13,6,เมืองเก่า,เมืองขอนแก่น,ขอนแก่น,40000,โสด,สมชาย วงศ์ดี,บิดา,332000
C110,สุภาวดี ศรีสุข,0815054557,40,วิศวกร,ชาย,103/86,14,ศิลา,เมืองขอนแก่น,ขอนแก่น,40000,หม้าย,รัตนาภรณ์ มีสุข,สามี,546000
C111,สมหญิง แก้วใส,0894317768,26,พนักงานบริษัท,หญิง,15/81,8,ในเมือง,เมืองขอนแก่น,ขอนแก่น,40000,หม้าย,ภูมิพัฒน์ มีสุข,บุตร,209000
C112,นภัสสร สุวรรณ,0886900151,59,พนักงานบริษัท,หญิง,220/13,11,ศิลา,เมืองขอนแก่น,ขอนแก่น,40000,หม้าย,ปวีณา คงมั่น,บิดา,578000
C113,ปวีณา แก้วมณี,0869411695,47,ช่างก่อสร้าง,ชาย,179/99,11,เมืองเก่า,เมืองขอนแก่น,ขอนแก่น,40000,โสด,วรพล อินทร์ทอง,ภรรยา,348000
C114,พิมพ์ชนก วัฒนชัย,0851316626,48,คนขับรถ,ชาย,92/32,10,เมืองเก่า,เมืองขอนแก่น,ขอนแก่น,40000,สมรส,ชยพล มีสุข,มารดา,212000
C115,ภัทรพล พงษ์ดี,0878113282,20,ช่างก่อสร้าง,ชาย,173/74,4,เมืองพล,พล,ขอนแก่น,40120,โสด,อนันต์ มีสุข,มารดา,394000
C116,ธนภัทร แก้วมณี,0819182920,63,คนขับรถ,ชาย,252/59,14,สำราญ,เมืองขอนแก่น,ขอนแก่น,40000,หย่าร้าง,กัญญารัตน์ คงดี,สามี,185000
C117,อนันต์ ศรีทอง,0867118415,30,พนักงานบริษัท,ชาย,294/8,13,เมืองเก่า,เมืองขอนแก่น,ขอนแก่น,40000,โสด,พิมพ์ชนก คงดี,บิดา,261000
C118,ณัฐวุฒิ ศรีสุข,0888837588,50,ตำรวจ,หญิง,93/83,9,เมืองเก่า,เมืองขอนแก่น,ขอนแก่น,40000,หม้าย,ชลธิชา อินทร์ดี,บิดา,560000
C119,ณัฐวุฒิ สุขสวัสดิ์,0886427510,23,ตำรวจ,ชาย,197/72,9,น้ำพอง,น้ำพอง,ขอนแก่น,40140,โสด,ภัทรพล ศรีสุข,บุตร,437000
C120,ปวีณา เจริญสุข,0899626081,57,พนักงานขาย,ชาย,109/90,5,บ้านไผ่,บ้านไผ่,ขอนแก่น,40110,หม้าย,วรพล คงมั่น,บิดา,206000
C121,วรัญญา ใจดี,0869167175,21,พนักงานขาย,ชาย,95/53,12,กุดเค้า,มัญจาคีรี,ขอนแก่น,40160,สมรส,สมชาย สุวรรณ,บุตร,181000
C122,ธนกร ทองคำ,0817202568,20,โปรแกรมเมอร์,ชาย,66/79,2,กุดเค้า,มัญจาคีรี,ขอนแก่น,40160,โสด,นภัสสร อินทร์ทอง,มารดา,390000
C123,ปวีณา บุญช่วย,0816690466,42,แพทย์,หญิง,284/24,15,บ้านเป็ด,เมืองขอนแก่น,ขอนแก่น,40000,สมรส,ศิริพร อินทร์ดี,บิดา,825000
C124,ณิชาภัทร แสงทอง,0844498717,51,นักบัญชี,หญิง,187/43,12,ชุมแพ,ชุมแพ,ขอนแก่น,40130,โสด,อรปรียา พงษ์ดี,มารดา,327000
C125,ณัฐวุฒิ สายทอง,0837675660,30,แพทย์,หญิง,261/61,8,บ้านไผ่,บ้านไผ่,ขอนแก่น,40110,สมรส,นภัสสร วัฒนชัย,บุตร,1283000
C126,มณีรัตน์ ทองคำ,0884558700,26,นักบัญชี,หญิง,24/11,14,สำราญ,เมืองขอนแก่น,ขอนแก่น,40000,สมรส,รัตนาภรณ์ บุญช่วย,พี่น้อง,571000
C127,ศุภชัย ใจดี,0871694374,65,พยาบาล,ชาย,65/69,7,เมืองพล,พล,ขอนแก่น,40120,สมรส,ณิชาภัทร สุวรรณ,ภรรยา,436000
C128,ธีรภัทร์ วงศ์ดี,0895432801,42,แพทย์,ชาย,22/68,5,บ้านเป็ด,เมืองขอนแก่น,ขอนแก่น,40000,สมรส,กัญญารัตน์ วัฒนชัย,พี่น้อง,1221000
C129,ชลธิชา พงษ์ดี,0876321365,57,โปรแกรมเมอร์,หญิง,290/96,9,เมืองพล,พล,ขอนแก่น,40120,หย่าร้าง,กัญญารัตน์ สายทอง,สามี,1111000
C130,กัญญารัตน์ บุญมี,0853235781,29,คนขับรถ,หญิง,137/92,1,กุดเค้า,มัญจาคีรี,ขอนแก่น,40160,สมรส,ชยพล สายทอง,ภรรยา,368000
C131,รัตนาภรณ์ ศรีสุข,0842026389,38,ช่างก่อสร้าง,หญิง,246/39,7,ศิลา,เมืองขอนแก่น,ขอนแก่น,40000,หย่าร้าง,สุภาวดี วัฒนชัย,บุตร,429000
C132,ภัทรพล พงษ์ดี,0842004393,30,พนักงานบริษัท,ชาย,33/87,7,เมืองพล,พล,ขอนแก่น,40120,หม้าย,นภัสสร อินทร์ทอง,ภรรยา,247000
C133,มณีรัตน์ แก้วมณี,0835232396,36,วิศวกร,หญิง,263/19,2,บ้านเป็ด,เมืองขอนแก่น,ขอนแก่น,40000,สมรส,กิตติพงษ์ ใจดี,บิดา,623000
C134,เอกภพ พรหมดี,0892616050,35,ครู,ชาย,209/52,14,เมืองพล,พล,ขอนแก่น,40120,โสด,ธนกร มีสุข,มารดา,343000
C135,สมหญิง บุญช่วย,0821572732,44,โปรแกรมเมอร์,หญิง,263/37,4,ชุมแพ,ชุมแพ,ขอนแก่น,40130,หม้าย,ภูมิพัฒน์ คงมั่น,สามี,977000
C136,เอกภพ แสงทอง,0877667431,59,ตำรวจ,หญิง,84/74,4,ในเมือง,เมืองขอนแก่น,ขอนแก่น,40000,หย่าร้าง,ณัฐวุฒิ คงมั่น,พี่น้อง,537000
C137,กิตติพงษ์ สุวรรณ,0862407083,47,โปรแกรมเมอร์,หญิง,223/44,10,ชุมแพ,ชุมแพ,ขอนแก่น,40130,สมรส,ณัฐวุฒิ คงดี,บุตร,1176000
C138,ภัทรพล คงมั่น,0833796502,23,วิศวกร,หญิง,186/83,13,เมืองเก่า,เมืองขอนแก่น,ขอนแก่น,40000,สมรส,ภูมิพัฒน์ บุญช่วย,บุตร,430000
C139,มณีรัตน์ แก้วใส,0832346164,33,แพทย์,ชาย,156/29,13,ในเมือง,เมืองขอนแก่น,ขอนแก่น,40000,สมรส,ธนภัทร ทองคำ,มารดา,988000
C140,รัตนาภรณ์ ศรีทอง,0869715229,54,โปรแกรมเมอร์,หญิง,250/6,3,น้ำพอง,น้ำพอง,ขอนแก่น,40140,หย่าร้าง,ณิชาภัทร อินทร์ทอง,สามี,977000
C141,ภูมิพัฒน์ พรหมดี,0811585725,26,วิศวกร,หญิง,125/44,13,ในเมือง,เมืองขอนแก่น,ขอนแก่น,40000,หม้าย,ภัทรพล รุ่งเรือง,ภรรยา,477000
C142,กัญญารัตน์ ทองคำ,0882008615,59,โปรแกรมเมอร์,ชาย,205/49,6,เมืองเก่า,เมืองขอนแก่น,ขอนแก่น,40000,หม้าย,สมหญิง สุขสวัสดิ์,บุตร,356000
C143,ปวีณา สุขสวัสดิ์,0899185667,38,ครู,หญิง,259/67,4,สำราญ,เมืองขอนแก่น,ขอนแก่น,40000,สมรส,ภัทรพล บุญช่วย,ภรรยา,503000
C144,ภูมิพัฒน์ วัฒนชัย,0834130704,55,วิศวกร,หญิง,38/63,10,สำราญ,เมืองขอนแก่น,ขอนแก่น,40000,หย่าร้าง,วรัญญา ใจดี,พี่น้อง,714000
C145,กิตติพงษ์ มีสุข,0873156514,22,ครู,ชาย,172/64,11,เมืองเก่า,เมืองขอนแก่น,ขอนแก่น,40000,สมรส,อรทัย วัฒนชัย,พี่น้อง,393000
C146,กิตติพงษ์ ทองคำ,0837736339,64,ช่างก่อสร้าง,หญิง,265/49,15,เมืองเก่า,เมืองขอนแก่น,ขอนแก่น,40000,สมรส,วรัญญา พรหมดี,มารดา,347000
C147,อรปรียา แก้วใส,0865026769,46,คนขับรถ,ชาย,101/42,8,บ้านไผ่,บ้านไผ่,ขอนแก่น,40110,หย่าร้าง,พิมพ์ชนก เจริญสุข,ภรรยา,254000
C148,ธีรภัทร์ สายทอง,0899837728,61,ช่างก่อสร้าง,ชาย,194/6,2,ศิลา,เมืองขอนแก่น,ขอนแก่น,40000,โสด,เอกภพ ทองคำ,บุตร,388000
C149,ภัทรพล พรหมดี,0874256701,30,พนักงานขาย,หญิง,220/82,10,สำราญ,เมืองขอนแก่น,ขอนแก่น,40000,โสด,ปวีณา รุ่งเรือง,พี่น้อง,599000
C150,ปวีณา ทองคำ,0899203772,62,แพทย์,ชาย,53/51,14,ชุมแพ,ชุมแพ,ขอนแก่น,40130,โสด,กิตติพงษ์ แสงทอง,สามี,1060000
C151,ชยพล พรหมดี,0832467394,33,พยาบาล,ชาย,234/21,9,ชุมแพ,ชุมแพ,ขอนแก่น,40130,สมรส,สุภาวดี ทองคำ,สามี,474000
C152,กิตติพงษ์ พรหมดี,0829231610,55,พยาบาล,หญิง,153/59,15,เมืองเก่า,เมืองขอนแก่น,ขอนแก่น,40000,หม้าย,ธนภัทร อินทร์ดี,บิดา,449000
C153,สมหญิง อินทร์ดี,0859236858,29,คนขับรถ,หญิง,280/15,15,ในเมือง,เมืองขอนแก่น,ขอนแก่น,40000,สมรส,สุภาวดี แสงทอง,มารดา,247000
C154,ธนภัทร บุญช่วย,0823780487,40,พนักงานขาย,หญิง,266/43,5,กุดเค้า,มัญจาคีรี,ขอนแก่น,40160,หม้าย,ศิริพร บุญช่วย,มารดา,552000
C155,วรพล แสงทอง,0853541766,52,พนักงานขาย,หญิง,94/43,12,ในเมือง,เมืองขอนแก่น,ขอนแก่น,40000,โสด,ภัทรพล ทองคำ,ภรรยา,517000
C156,อรปรียา แก้วใส,0876599131,39,พยาบาล,ชาย,26/38,1,ชุมแพ,ชุมแพ,ขอนแก่น,40130,โสด,ศุภชัย แสงทอง,มารดา,288000
C157,วรพล แก้วใส,0877390807,37,พยาบาล,หญิง,179/35,2,ในเมือง,เมืองขอนแก่น,ขอนแก่น,40000,สมรส,กิตติพงษ์ อินทร์ทอง,บุตร,501000
C158,อรปรียา สุขสวัสดิ์,0896321864,45,พนักงานบริษัท,หญิง,107/89,8,เมืองพล,พล,ขอนแก่น,40120,โสด,สมหญิง อินทร์ทอง,ภรรยา,250000
C159,ธนกร อินทร์ดี,0881909510,47,พนักงานบริษัท,ชาย,88/57,8,สำราญ,เมืองขอนแก่น,ขอนแก่น,40000,โสด,ศิริพร วงศ์ดี,สามี,313000
C160,ณิชาภัทร สายทอง,0841508925,52,วิศวกร,หญิง,251/68,14,น้ำพอง,น้ำพอง,ขอนแก่น,40140,สมรส,วรพล แก้วใส,บิดา,719000
C161,เอกภพ สุวรรณ,0813808221,31,วิศวกร,หญิง,283/75,11,บ้านไผ่,บ้านไผ่,ขอนแก่น,40110,หม้าย,วรพล ทองดี,บิดา,778000
C162,รัตนาภรณ์ ใจดี,0817527987,41,วิศวกร,ชาย,286/1,5,สำราญ,เมืองขอนแก่น,ขอนแก่น,40000,โสด,นภัสสร แก้วมณี,พี่น้อง,849000
C163,พัชราภา บุญมี,0864337309,32,ตำรวจ,หญิง,206/19,9,เมืองพล,พล,ขอนแก่น,40120,หย่าร้าง,ศุภชัย ทองดี,มารดา,582000
C164,พิมพ์ชนก แก้วมณี,0875745901,45,พนักงานขาย,ชาย,189/58,2,เมืองเก่า,เมืองขอนแก่น,ขอนแก่น,40000,สมรส,ณิชาภัทร วงศ์ดี,สามี,303000
C165,อรทัย ศรีทอง,0845097234,29,ช่างก่อสร้าง,หญิง,286/75,10,บ้านเป็ด,เมืองขอนแก่น,ขอนแก่น,40000,สมรส,ชลธิชา ทองคำ,พี่น้อง,508000
C166,อนันต์ วัฒนชัย,0829439319,62,พยาบาล,ชาย,192/7,13,น้ำพอง,น้ำพอง,ขอนแก่น,40140,โสด,ธนภัทร คงมั่น,พี่น้อง,489000
C167,ศิริพร สายทอง,0855901532,47,โปรแกรมเมอร์,ชาย,296/41,9,ศิลา,เมืองขอนแก่น,ขอนแก่น,40000,โสด,กิตติพงษ์ ทองคำ,สามี,876000
C168,มณีรัตน์ พรหมดี,0865697247,55,โปรแกรมเมอร์,ชาย,10/22,4,บ้านไผ่,บ้านไผ่,ขอนแก่น,40110,โสด,อรทัย เจริญสุข,สามี,1015000
C169,อรทัย วงศ์ดี,0886779879,58,แพทย์,ชาย,147/49,2,ชุมแพ,ชุมแพ,ขอนแก่น,40130,หม้าย,ธีรภัทร์ แก้วมณี,สามี,1370000
C170,พัชราภา บุญมี,0814264735,46,ตำรวจ,หญิง,195/23,7,สำราญ,เมืองขอนแก่น,ขอนแก่น,40000,โสด,ภัทรพล อินทร์ดี,มารดา,314000
C171,รัตนาภรณ์ วงศ์ดี,0874867068,48,เกษตรกร,หญิง,125/50,9,ชุมแพ,ชุมแพ,ขอนแก่น,40130,โสด,ชยพล บุญมี,พี่น้อง,233000
C172,พัชราภา วงศ์ดี,0833940657,44,ช่างก่อสร้าง,ชาย,63/67,5,ศิลา,เมืองขอนแก่น,ขอนแก่น,40000,โสด,พิมพ์ชนก สุวรรณ,สามี,418000
C173,พัชราภา วัฒนชัย,0889308667,59,วิศวกร,ชาย,40/49,2,กุดเค้า,มัญจาคีรี,ขอนแก่น,40160,หย่าร้าง,ธนกร ทองคำ,พี่น้อง,894000
C174,ธนกร บุญช่วย,0878590275,64,คนขับรถ,ชาย,32/49,14,บ้านเป็ด,เมืองขอนแก่น,ขอนแก่น,40000,โสด,ศุภชัย แก้วมณี,มารดา,418000
C175,ชลธิชา คงมั่น,0892833494,32,พยาบาล,หญิง,18/37,15,กุดเค้า,มัญจาคีรี,ขอนแก่น,40160,หม้าย,ณิชาภัทร พรหมดี,พี่น้อง,570000
C176,ชยพล ศรีทอง,0856291684,42,ตำรวจ,หญิง,14/71,7,บ้านเป็ด,เมืองขอนแก่น,ขอนแก่น,40000,สมรส,พิมพ์ชนก บุญมี,บุตร,305000
C177,ธนภัทร คงมั่น,0886692891,34,ตำรวจ,หญิง,215/91,9,น้ำพอง,น้ำพอง,ขอนแก่น,40140,หม้าย,ภูมิพัฒน์ ทองดี,บุตร,274000
C178,ศุภชัย สุขสวัสดิ์,0868467941,30,ครู,หญิง,118/24,7,ศิลา,เมืองขอนแก่น,ขอนแก่น,40000,โสด,รัตนาภรณ์ มีสุข,พี่น้อง,577000
C179,ณิชาภัทร พรหมดี,0892229174,57,พนักงานขาย,หญิง,172/89,7,กุดเค้า,มัญจาคีรี,ขอนแก่น,40160,หม้าย,วรัญญา เจริญสุข,บิดา,370000
C180,อนันต์ อินทร์ดี,0859418162,62,แพทย์,ชาย,62/55,8,กุดเค้า,มัญจาคีรี,ขอนแก่น,40160,หย่าร้าง,สุภาวดี พงษ์ดี,บุตร,1172000
C181,ธนกร ทองคำ,0874934567,64,ครู,ชาย,62/40,12,บ้านเป็ด,เมืองขอนแก่น,ขอนแก่น,40000,สมรส,ณัฐวุฒิ รุ่งเรือง,พี่น้อง,358000
C182,อนันต์ ศรีทอง,0886354945,48,ช่างก่อสร้าง,ชาย,51/21,1,เมืองพล,พล,ขอนแก่น,40120,หย่าร้าง,ชยพล ศรีทอง,พี่น้อง,565000
C183,ธีรภัทร์ พรหมดี,0812688401,26,ครู,ชาย,276/94,13,บ้านไผ่,บ้านไผ่,ขอนแก่น,40110,สมรส,สมหญิง มีสุข,บิดา,490000
C184,กิตติพงษ์ สุขสวัสดิ์,0891260799,47,พนักงานขาย,หญิง,220/71,6,สำราญ,เมืองขอนแก่น,ขอนแก่น,40000,โสด,ศิริพร วัฒนชัย,พี่น้อง,350000
C185,ณิชาภัทร พรหมดี,0872666929,61,ช่างก่อสร้าง,หญิง,262/31,4,เมืองเก่า,เมืองขอนแก่น,ขอนแก่น,40000,หม้าย,ธนภัทร มีสุข,มารดา,469000
C186,พัชราภา สุขสวัสดิ์,0875744724,23,แพทย์,หญิง,179/27,12,สำราญ,เมืองขอนแก่น,ขอนแก่น,40000,โสด,ปวีณา คงดี,สามี,1547000
C187,กัญญารัตน์ บุญมี,0819152695,28,วิศวกร,ชาย,191/71,7,เมืองพล,พล,ขอนแก่น,40120,หม้าย,สมหญิง ศรีสุข,ภรรยา,540000
C188,ชลธิชา รุ่งเรือง,0812839972,26,พนักงานขาย,หญิง,101/91,3,บ้านไผ่,บ้านไผ่,ขอนแก่น,40110,หย่าร้าง,ภัทรพล วงศ์ดี,บิดา,546000
C189,อรทัย อินทร์ดี,0871962228,63,นักบัญชี,หญิง,246/15,14,บ้านเป็ด,เมืองขอนแก่น,ขอนแก่น,40000,สมรส,อนันต์ วัฒนชัย,บุตร,276000
C190,กิตติพงษ์ เจริญสุข,0876795531,26,ครู,ชาย,8/63,8,เมืองพล,พล,ขอนแก่น,40120,โสด,ภูมิพัฒน์ ทองคำ,ภรรยา,351000
C191,สมหญิง พรหมดี,0883466517,28,ครู,หญิง,87/81,6,ศิลา,เมืองขอนแก่น,ขอนแก่น,40000,หย่าร้าง,ณิชาภัทร สุวรรณ,บุตร,571000
C192,สมหญิง รุ่งเรือง,0844020742,21,ตำรวจ,ชาย,135/73,15,ในเมือง,เมืองขอนแก่น,ขอนแก่น,40000,สมรส,ชลธิชา บุญมี,มารดา,529000
C193,กัญญารัตน์ ศรีสุข,0848079899,58,พยาบาล,ชาย,188/7,3,ชุมแพ,ชุมแพ,ขอนแก่น,40130,สมรส,กัญญารัตน์ พงษ์ดี,บุตร,505000
C194,อรทัย พรหมดี,0829058579,43,พยาบาล,ชาย,37/88,4,ในเมือง,เมืองขอนแก่น,ขอนแก่น,40000,หย่าร้าง,ชยพล บุญมี,ภรรยา,562000
C195,ศุภชัย แก้วใส,0872049059,49,เกษตรกร,ชาย,93/8,11,ศิลา,เมืองขอนแก่น,ขอนแก่น,40000,หย่าร้าง,ปวีณา ศรีทอง,มารดา,265000
C196,ภูมิพัฒน์ สุวรรณ,0835640962,41,ช่างก่อสร้าง,หญิง,190/35,15,ศิลา,เมืองขอนแก่น,ขอนแก่น,40000,หย่าร้าง,อรปรียา สุขสวัสดิ์,ภรรยา,290000
C197,ศิริพร ศรีสุข,0813356573,30,พนักงานขาย,ชาย,85/77,2,ชุมแพ,ชุมแพ,ขอนแก่น,40130,สมรส,ปวีณา สุขสวัสดิ์,มารดา,402000
C198,ชลธิชา คงมั่น,0875644329,58,วิศวกร,หญิง,259/54,11,เมืองเก่า,เมืองขอนแก่น,ขอนแก่น,40000,หย่าร้าง,กิตติพงษ์ รุ่งเรือง,บุตร,332000
C199,ชยพล บุญช่วย,0832544318,31,เกษตรกร,ชาย,113/31,11,บ้านเป็ด,เมืองขอนแก่น,ขอนแก่น,40000,หม้าย,วรัญญา รุ่งเรือง,พี่น้อง,328000
C200,วรัญญา รุ่งเรือง,0818379087,31,ช่างก่อสร้าง,หญิง,210/83,10,สำราญ,เมืองขอนแก่น,ขอนแก่น,40000,โสด,กัญญารัตน์ พงษ์ดี,มารดา,224000
C201,ณัฐวุฒิ ทองคำ,0811961485,52,ครู,หญิง,121/13,15,สำราญ,เมืองขอนแก่น,ขอนแก่น,40000,สมรส,นภัสสร ใจดี,บุตร,260000
C202,ธนกร วัฒนชัย,0848398251,65,พยาบาล,ชาย,292/39,14,เมืองเก่า,เมืองขอนแก่น,ขอนแก่น,40000,หม้าย,พิมพ์ชนก ทองดี,สามี,402000
C203,อรทัย แก้วมณี,0836949474,44,แพทย์,หญิง,154/21,11,น้ำพอง,น้ำพอง,ขอนแก่น,40140,โสด,ชยพล คงมั่น,มารดา,895000
C204,ชลธิชา ทองดี,0887463102,44,แพทย์,หญิง,297/63,15,บ้านเป็ด,เมืองขอนแก่น,ขอนแก่น,40000,หม้าย,ธนภัทร ศรีทอง,สามี,1155000
C205,วรพล ศรีสุข,0847495296,44,แพทย์,ชาย,103/4,6,บ้านเป็ด,เมืองขอนแก่น,ขอนแก่น,40000,หม้าย,ชยพล วงศ์ดี,พี่น้อง,1677000
C206,อนันต์ อินทร์ทอง,0817002119,52,คนขับรถ,ชาย,3/32,1,บ้านไผ่,บ้านไผ่,ขอนแก่น,40110,สมรส,กิตติพงษ์ บุญช่วย,สามี,427000
C207,ณัฐวุฒิ สุขสวัสดิ์,0836477267,31,คนขับรถ,ชาย,67/30,15,ศิลา,เมืองขอนแก่น,ขอนแก่น,40000,หม้าย,วรพล แสงทอง,บุตร,420000
C208,มณีรัตน์ วัฒนชัย,0892682283,44,เกษตรกร,ชาย,203/19,11,ศิลา,เมืองขอนแก่น,ขอนแก่น,40000,สมรส,มณีรัตน์ แสงทอง,สามี,486000
C209,ภัทรพล วัฒนชัย,0833835991,24,นักบัญชี,หญิง,7/57,12,ศิลา,เมืองขอนแก่น,ขอนแก่น,40000,สมรส,มณีรัตน์ แก้วมณี,มารดา,273000
C210,ภูมิพัฒน์ คงมั่น,0822840302,25,พนักงานบริษัท,หญิง,87/26,13,ศิลา,เมืองขอนแก่น,ขอนแก่น,40000,หม้าย,ชลธิชา อินทร์ทอง,บุตร,577000
C211,อรปรียา แสงทอง,0853361393,45,โปรแกรมเมอร์,ชาย,258/5,15,ชุมแพ,ชุมแพ,ขอนแก่น,40130,สมรส,นภัสสร อินทร์ดี,สามี,300000
C212,กิตติพงษ์ แก้วมณี,0827894006,59,เกษตรกร,หญิง,99/17,5,ชุมแพ,ชุมแพ,ขอนแก่น,40130,สมรส,มณีรัตน์ สุขสวัสดิ์,สามี,197000
C213,ปวีณา คงดี,0828011303,40,วิศวกร,ชาย,78/55,13,น้ำพอง,น้ำพอง,ขอนแก่น,40140,สมรส,ปวีณา แก้วมณี,บุตร,790000
C214,ปวีณา อินทร์ทอง,0819625563,49,นักบัญชี,หญิง,190/45,4,เมืองเก่า,เมืองขอนแก่น,ขอนแก่น,40000,โสด,ธนภัทร สุวรรณ,สามี,269000
C215,สมหญิง บุญมี,0848167115,30,พยาบาล,ชาย,9/17,6,สำราญ,เมืองขอนแก่น,ขอนแก่น,40000,โสด,ศิริพร เจริญสุข,บิดา,596000
C216,ภัทรพล บุญช่วย,0848409121,24,วิศวกร,หญิง,16/42,6,กุดเค้า,มัญจาคีรี,ขอนแก่น,40160,โสด,ชยพล อินทร์ดี,พี่น้อง,808000
C217,กัญญารัตน์ ศรีสุข,0839207491,52,วิศวกร,ชาย,198/95,5,บ้านไผ่,บ้านไผ่,ขอนแก่น,40110,สมรส,กัญญารัตน์ สุขสวัสดิ์,มารดา,869000
C218,ธนภัทร สุขสวัสดิ์,0888255590,43,เกษตรกร,หญิง,258/39,12,ชุมแพ,ชุมแพ,ขอนแก่น,40130,สมรส,สมหญิง บุญช่วย,บิดา,496000
C219,อรปรียา บุญมี,0844426963,54,พนักงานขาย,ชาย,45/62,4,บ้านไผ่,บ้านไผ่,ขอนแก่น,40110,โสด,ธนภัทร ทองคำ,พี่น้อง,513000
C220,ศิริพร สุวรรณ,0883663635,65,ครู,หญิง,116/73,2,กุดเค้า,มัญจาคีรี,ขอนแก่น,40160,หม้าย,ธนกร ศรีสุข,ภรรยา,561000
C221,สุภาวดี เจริญสุข,0853800218,45,แพทย์,หญิง,44/18,13,ในเมือง,เมืองขอนแก่น,ขอนแก่น,40000,สมรส,ปวีณา คงมั่น,บิดา,922000
C222,ศุภชัย บุญมี,0881755068,45,วิศวกร,หญิง,126/57,13,บ้านไผ่,บ้านไผ่,ขอนแก่น,40110,หย่าร้าง,ปวีณา สุขสวัสดิ์,พี่น้อง,840000
C223,เอกภพ รุ่งเรือง,0889155540,55,พนักงานบริษัท,หญิง,112/41,5,บ้านเป็ด,เมืองขอนแก่น,ขอนแก่น,40000,หย่าร้าง,กิตติพงษ์ พงษ์ดี,บุตร,184000
C224,ณัฐวุฒิ รุ่งเรือง,0862140008,62,นักบัญชี,หญิง,150/56,13,ศิลา,เมืองขอนแก่น,ขอนแก่น,40000,หย่าร้าง,พัชราภา สุขสวัสดิ์,ภรรยา,553000
C225,วรพล บุญช่วย,0818600888,37,ตำรวจ,หญิง,150/72,10,ศิลา,เมืองขอนแก่น,ขอนแก่น,40000,โสด,มณีรัตน์ แก้วมณี,มารดา,573000
C226,อรปรียา อินทร์ทอง,0835964004,43,เกษตรกร,หญิง,292/51,12,เมืองพล,พล,ขอนแก่น,40120,สมรส,สมชาย แก้วใส,สามี,256000
C227,นภัสสร สายทอง,0819456269,25,พยาบาล,หญิง,175/29,1,น้ำพอง,น้ำพอง,ขอนแก่น,40140,หย่าร้าง,วรพล อินทร์ดี,พี่น้อง,284000
C228,พิมพ์ชนก สายทอง,0822599453,47,เกษตรกร,หญิง,67/46,12,บ้านไผ่,บ้านไผ่,ขอนแก่น,40110,สมรส,ชยพล อินทร์ทอง,สามี,415000
C229,เอกภพ เจริญสุข,0898953172,45,ตำรวจ,หญิง,218/13,5,กุดเค้า,มัญจาคีรี,ขอนแก่น,40160,โสด,ชยพล พรหมดี,บิดา,593000
C230,วรพล บุญมี,0827960644,49,คนขับรถ,ชาย,135/50,4,เมืองเก่า,เมืองขอนแก่น,ขอนแก่น,40000,โสด,ชยพล แก้วใส,มารดา,467000
C231,อรปรียา รุ่งเรือง,0843774725,38,ช่างก่อสร้าง,หญิง,125/72,15,น้ำพอง,น้ำพอง,ขอนแก่น,40140,หย่าร้าง,ศุภชัย สายทอง,บุตร,388000
C232,ณัฐวุฒิ บุญมี,0856577088,48,ตำรวจ,ชาย,171/86,5,ศิลา,เมืองขอนแก่น,ขอนแก่น,40000,สมรส,ชลธิชา ทองดี,พี่น้อง,481000
C233,กิตติพงษ์ ศรีสุข,0866254301,63,โปรแกรมเมอร์,หญิง,217/78,8,เมืองเก่า,เมืองขอนแก่น,ขอนแก่น,40000,หย่าร้าง,รัตนาภรณ์ แสงทอง,บิดา,987000
C234,ธนภัทร ศรีสุข,0813973961,39,แพทย์,หญิง,38/16,4,สำราญ,เมืองขอนแก่น,ขอนแก่น,40000,หย่าร้าง,สมหญิง อินทร์ดี,สามี,1769000
C235,ชยพล รุ่งเรือง,0898605910,63,พนักงานบริษัท,ชาย,83/17,10,เมืองพล,พล,ขอนแก่น,40120,หย่าร้าง,อรทัย ศรีสุข,มารดา,198000
C236,ศิริพร อินทร์ทอง,0898054305,37,คนขับรถ,หญิง,21/88,7,ชุมแพ,ชุมแพ,ขอนแก่น,40130,สมรส,ธีรภัทร์ ทองดี,สามี,377000
C237,กัญญารัตน์ ศรีทอง,0825177802,36,โปรแกรมเมอร์,ชาย,195/63,9,กุดเค้า,มัญจาคีรี,ขอนแก่น,40160,หย่าร้าง,ธีรภัทร์ ศรีสุข,มารดา,731000
C238,สมชาย สุวรรณ,0834654971,25,ครู,ชาย,111/91,4,บ้านไผ่,บ้านไผ่,ขอนแก่น,40110,หม้าย,ธนกร สุวรรณ,มารดา,306000
C239,ศุภชัย รุ่งเรือง,0838210518,39,ตำรวจ,ชาย,105/78,1,สำราญ,เมืองขอนแก่น,ขอนแก่น,40000,โสด,กัญญารัตน์ มีสุข,บิดา,455000
C240,ชลธิชา คงดี,0895300246,41,โปรแกรมเมอร์,หญิง,226/89,1,ศิลา,เมืองขอนแก่น,ขอนแก่น,40000,หม้าย,มณีรัตน์ รุ่งเรือง,ภรรยา,462000
C241,สมหญิง มีสุข,0812035911,34,พยาบาล,หญิง,239/47,13,ศิลา,เมืองขอนแก่น,ขอนแก่น,40000,หย่าร้าง,อรปรียา เจริญสุข,บิดา,310000
C242,ธนกร แก้วมณี,0824435808,49,ครู,ชาย,35/38,1,เมืองเก่า,เมืองขอนแก่น,ขอนแก่น,40000,หย่าร้าง,รัตนาภรณ์ บุญช่วย,ภรรยา,585000
C243,วรพล รุ่งเรือง,0827490633,43,โปรแกรมเมอร์,หญิง,215/14,3,ศิลา,เมืองขอนแก่น,ขอนแก่น,40000,โสด,กัญญารัตน์ สุวรรณ,บุตร,1118000
C244,พัชราภา คงดี,0852210182,62,พนักงานบริษัท,หญิง,254/68,12,น้ำพอง,น้ำพอง,ขอนแก่น,40140,สมรส,ณิชาภัทร ใจดี,สามี,238000
C245,วรพล พรหมดี,0844836916,22,นักบัญชี,ชาย,37/15,14,บ้านเป็ด,เมืองขอนแก่น,ขอนแก่น,40000,โสด,ชลธิชา ศรีสุข,สามี,581000
C246,กิตติพงษ์ สุวรรณ,0877652081,57,ช่างก่อสร้าง,ชาย,12/64,10,ชุมแพ,ชุมแพ,ขอนแก่น,40130,สมรส,พิมพ์ชนก ใจดี,สามี,506000
C247,กัญญารัตน์ เจริญสุข,0871490980,46,พนักงานบริษัท,ชาย,231/81,6,ศิลา,เมืองขอนแก่น,ขอนแก่น,40000,หย่าร้าง,พิมพ์ชนก แก้วใส,พี่น้อง,593000
C248,รัตนาภรณ์ มีสุข,0896852597,58,เกษตรกร,ชาย,19/85,7,บ้านไผ่,บ้านไผ่,ขอนแก่น,40110,สมรส,ธีรภัทร์ พรหมดี,ภรรยา,124000
C249,สมหญิง บุญมี,0822139983,64,นักบัญชี,ชาย,23/5,2,เมืองเก่า,เมืองขอนแก่น,ขอนแก่น,40000,โสด,ภูมิพัฒน์ แก้วใส,พี่น้อง,531000
C250,อรทัย ใจดี,0897761747,62,โปรแกรมเมอร์,ชาย,170/24,5,ในเมือง,เมืองขอนแก่น,ขอนแก่น,40000,สมรส,ธนกร ทองคำ,บุตร,626000
C251,สมหญิง อินทร์ดี,0868904323,57,พยาบาล,ชาย,63/36,10,ชุมแพ,ชุมแพ,ขอนแก่น,40130,โสด,ชยพล พรหมดี,บิดา,539000
C252,วรพล สุวรรณ,0821670988,41,วิศวกร,หญิง,204/94,6,ในเมือง,เมืองขอนแก่น,ขอนแก่น,40000,หม้าย,อรทัย วงศ์ดี,มารดา,310000
C253,อรปรียา อินทร์ดี,0818450400,30,เกษตรกร,หญิง,202/53,9,ศิลา,เมืองขอนแก่น,ขอนแก่น,40000,หม้าย,อนันต์ เจริญสุข,มารดา,438000
C254,สมหญิง แก้วมณี,0833585370,39,พยาบาล,ชาย,30/59,14,เมืองพล,พล,ขอนแก่น,40120,หย่าร้าง,ศิริพร มีสุข,บุตร,589000
C255,พัชราภา แก้วมณี,0864530221,28,วิศวกร,หญิง,213/5,8,บ้านเป็ด,เมืองขอนแก่น,ขอนแก่น,40000,โสด,ธนกร แสงทอง,ภรรยา,622000
C256,สมชาย บุญมี,0855498511,39,คนขับรถ,ชาย,235/41,8,ในเมือง,เมืองขอนแก่น,ขอนแก่น,40000,โสด,สมหญิง พรหมดี,มารดา,221000
C257,รัตนาภรณ์ คงดี,0838811477,20,พยาบาล,หญิง,48/10,4,เมืองเก่า,เมืองขอนแก่น,ขอนแก่น,40000,สมรส,สุภาวดี คงมั่น,มารดา,506000
C258,รัตนาภรณ์ ทองคำ,0858517251,30,ตำรวจ,ชาย,21/23,8,กุดเค้า,มัญจาคีรี,ขอนแก่น,40160,หย่าร้าง,ธนภัทร แสงทอง,พี่น้อง,510000
C259,วรัญญา บุญมี,0885045152,53,โปรแกรมเมอร์,ชาย,84/98,8,บ้านเป็ด,เมืองขอนแก่น,ขอนแก่น,40000,หม้าย,ธนกร ทองดี,ภรรยา,1005000
C260,สุภาวดี พงษ์ดี,0824726678,28,ช่างก่อสร้าง,หญิง,117/52,7,น้ำพอง,น้ำพอง,ขอนแก่น,40140,หย่าร้าง,ภูมิพัฒน์ วัฒนชัย,พี่น้อง,302000
C261,นภัสสร มีสุข,0849166153,30,พยาบาล,ชาย,88/13,1,กุดเค้า,มัญจาคีรี,ขอนแก่น,40160,หย่าร้าง,สมหญิง พงษ์ดี,สามี,415000
C262,ชยพล วัฒนชัย,0834614639,63,พนักงานบริษัท,หญิง,19/44,3,ในเมือง,เมืองขอนแก่น,ขอนแก่น,40000,หม้าย,ปวีณา ใจดี,สามี,456000
C263,พัชราภา แสงทอง,0847045023,49,พยาบาล,ชาย,227/6,2,บ้านไผ่,บ้านไผ่,ขอนแก่น,40110,หม้าย,ชยพล พงษ์ดี,บิดา,393000
C264,อรทัย ใจดี,0874096012,28,ช่างก่อสร้าง,หญิง,39/5,14,ชุมแพ,ชุมแพ,ขอนแก่น,40130,หม้าย,กิตติพงษ์ แก้วใส,มารดา,382000
C265,สมหญิง ทองคำ,0834938924,27,วิศวกร,หญิง,270/31,13,กุดเค้า,มัญจาคีรี,ขอนแก่น,40160,หย่าร้าง,สุภาวดี สายทอง,สามี,543000
C266,เอกภพ คงดี,0872003167,29,ครู,หญิง,151/84,3,สำราญ,เมืองขอนแก่น,ขอนแก่น,40000,สมรส,ภัทรพล สุวรรณ,พี่น้อง,439000
C267,สมชาย ทองดี,0875820321,23,ช่างก่อสร้าง,หญิง,115/33,12,บ้านเป็ด,เมืองขอนแก่น,ขอนแก่น,40000,โสด,รัตนาภรณ์ มีสุข,ภรรยา,359000
C268,รัตนาภรณ์ แสงทอง,0886330364,49,พนักงานขาย,ชาย,139/81,15,น้ำพอง,น้ำพอง,ขอนแก่น,40140,หม้าย,มณีรัตน์ คงดี,ภรรยา,418000
C269,นภัสสร อินทร์ดี,0835507457,32,วิศวกร,หญิง,137/22,3,ศิลา,เมืองขอนแก่น,ขอนแก่น,40000,โสด,มณีรัตน์ อินทร์ทอง,บุตร,334000
C270,ชยพล เจริญสุข,0851804885,65,แพทย์,ชาย,166/10,2,กุดเค้า,มัญจาคีรี,ขอนแก่น,40160,สมรส,ศิริพร บุญมี,พี่น้อง,1238000
C271,ชยพล สุวรรณ,0853582726,34,ช่างก่อสร้าง,หญิง,273/22,11,น้ำพอง,น้ำพอง,ขอนแก่น,40140,โสด,อรปรียา บุญช่วย,สามี,421000
C272,อรปรียา วงศ์ดี,0849155419,58,พนักงานบริษัท,หญิง,36/62,1,น้ำพอง,น้ำพอง,ขอนแก่น,40140,หม้าย,วรพล ทองดี,มารดา,511000
C273,ธนภัทร วงศ์ดี,0819123123,48,ครู,หญิง,289/82,12,สำราญ,เมืองขอนแก่น,ขอนแก่น,40000,สมรส,กัญญารัตน์ คงดี,มารดา,407000
C274,ธนกร รุ่งเรือง,0876739635,25,โปรแกรมเมอร์,หญิง,245/96,2,ชุมแพ,ชุมแพ,ขอนแก่น,40130,สมรส,สุภาวดี อินทร์ดี,พี่น้อง,995000
C275,ธนกร เจริญสุข,0849901717,50,โปรแกรมเมอร์,หญิง,169/1,1,น้ำพอง,น้ำพอง,ขอนแก่น,40140,สมรส,ภัทรพล สุวรรณ,มารดา,745000
C276,เอกภพ คงมั่น,0856085787,33,คนขับรถ,หญิง,146/46,3,เมืองเก่า,เมืองขอนแก่น,ขอนแก่น,40000,หม้าย,พัชราภา พงษ์ดี,บิดา,200000
C277,รัตนาภรณ์ รุ่งเรือง,0844063105,59,วิศวกร,หญิง,241/64,13,ศิลา,เมืองขอนแก่น,ขอนแก่น,40000,โสด,ศิริพร แก้วใส,ภรรยา,628000
C278,เอกภพ วัฒนชัย,0824704262,56,ช่างก่อสร้าง,ชาย,255/35,1,บ้านไผ่,บ้านไผ่,ขอนแก่น,40110,หย่าร้าง,ณิชาภัทร บุญมี,มารดา,455000
C279,วรพล คงดี,0866745001,47,ช่างก่อสร้าง,ชาย,291/72,4,ศิลา,เมืองขอนแก่น,ขอนแก่น,40000,สมรส,ชลธิชา พงษ์ดี,มารดา,475000
C280,สมหญิง ศรีสุข,0869442692,60,คนขับรถ,ชาย,291/18,15,เมืองพล,พล,ขอนแก่น,40120,หย่าร้าง,อรทัย สุขสวัสดิ์,บุตร,448000
C281,พัชราภา สุขสวัสดิ์,0862732797,39,พยาบาล,ชาย,267/86,5,เมืองพล,พล,ขอนแก่น,40120,หย่าร้าง,วรพล ทองดี,ภรรยา,307000
C282,อนันต์ ทองคำ,0816535551,30,โปรแกรมเมอร์,หญิง,278/55,15,ชุมแพ,ชุมแพ,ขอนแก่น,40130,หย่าร้าง,มณีรัตน์ ศรีทอง,ภรรยา,506000
C283,ธีรภัทร์ บุญมี,0832141983,35,นักบัญชี,หญิง,243/12,3,เมืองเก่า,เมืองขอนแก่น,ขอนแก่น,40000,สมรส,ศิริพร รุ่งเรือง,บุตร,432000
C284,ชลธิชา เจริญสุข,0899896110,23,พนักงานบริษัท,ชาย,30/93,1,สำราญ,เมืองขอนแก่น,ขอนแก่น,40000,โสด,กิตติพงษ์ คงมั่น,พี่น้อง,497000
C285,ณัฐวุฒิ วงศ์ดี,0832359957,32,พยาบาล,ชาย,12/48,8,ศิลา,เมืองขอนแก่น,ขอนแก่น,40000,หม้าย,กัญญารัตน์ คงดี,บุตร,563000
C286,ชยพล วัฒนชัย,0813603868,27,ครู,หญิง,271/82,2,ชุมแพ,ชุมแพ,ขอนแก่น,40130,หย่าร้าง,ธนภัทร สุวรรณ,บุตร,501000
C287,พิมพ์ชนก แก้วมณี,0836810105,36,พยาบาล,ชาย,62/76,3,กุดเค้า,มัญจาคีรี,ขอนแก่น,40160,สมรส,ณิชาภัทร ศรีทอง,ภรรยา,332000
C288,ภัทรพล วงศ์ดี,0876934397,63,ตำรวจ,ชาย,49/86,4,เมืองพล,พล,ขอนแก่น,40120,โสด,ศิริพร ศรีสุข,บิดา,310000
C289,ศุภชัย บุญช่วย,0819837253,22,ช่างก่อสร้าง,หญิง,170/57,6,เมืองพล,พล,ขอนแก่น,40120,โสด,เอกภพ คงมั่น,มารดา,451000
C290,เอกภพ อินทร์ทอง,0858958134,27,โปรแกรมเมอร์,หญิง,299/71,10,กุดเค้า,มัญจาคีรี,ขอนแก่น,40160,หม้าย,สมชาย วงศ์ดี,บุตร,1035000
C291,มณีรัตน์ ศรีสุข,0848900594,23,คนขับรถ,ชาย,194/26,10,ศิลา,เมืองขอนแก่น,ขอนแก่น,40000,โสด,ศิริพร เจริญสุข,ภรรยา,375000
C292,ภัทรพล บุญมี,0876869863,51,ครู,หญิง,88/43,13,บ้านไผ่,บ้านไผ่,ขอนแก่น,40110,หย่าร้าง,ภัทรพล สุขสวัสดิ์,ภรรยา,319000
C293,ณิชาภัทร พรหมดี,0813943368,63,ครู,หญิง,125/26,7,บ้านเป็ด,เมืองขอนแก่น,ขอนแก่น,40000,สมรส,อนันต์ สายทอง,ภรรยา,241000
C294,วรพล แสงทอง,0892317825,42,คนขับรถ,ชาย,46/93,11,น้ำพอง,น้ำพอง,ขอนแก่น,40140,สมรส,พิมพ์ชนก รุ่งเรือง,พี่น้อง,232000
C295,มณีรัตน์ ใจดี,0864844945,25,วิศวกร,หญิง,130/48,13,ในเมือง,เมืองขอนแก่น,ขอนแก่น,40000,หย่าร้าง,ชลธิชา ศรีสุข,สามี,540000
C296,พัชราภา ใจดี,0838270911,59,พนักงานขาย,หญิง,177/14,14,กุดเค้า,มัญจาคีรี,ขอนแก่น,40160,หม้าย,วรพล สุวรรณ,บิดา,431000
C297,ธีรภัทร์ ทองคำ,0885210080,27,โปรแกรมเมอร์,หญิง,160/64,11,บ้านไผ่,บ้านไผ่,ขอนแก่น,40110,หย่าร้าง,ภัทรพล บุญช่วย,บิดา,719000
C298,กิตติพงษ์ อินทร์ดี,0851483181,24,ครู,หญิง,57/2,3,เมืองเก่า,เมืองขอนแก่น,ขอนแก่น,40000,สมรส,ณิชาภัทร ทองคำ,ภรรยา,576000
C299,รัตนาภรณ์ คงดี,0845282763,56,พยาบาล,หญิง,167/71,6,เมืองเก่า,เมืองขอนแก่น,ขอนแก่น,40000,โสด,พัชราภา วัฒนชัย,พี่น้อง,408000
C300,ณิชาภัทร พรหมดี,0847333766,40,นักบัญชี,หญิง,293/45,3,กุดเค้า,มัญจาคีรี,ขอนแก่น,40160,หม้าย,ภูมิพัฒน์ ทองดี,มารดา,327000
